[
    {
        "name": "荀子_乐论",
        "with_punctuation": "夫乐者、乐也，人情之所必不免也。",
        "translation": "音乐，就是欢乐的意思，它是人的情感绝对不能缺少的东西。"
    },
    {
        "name": "荀子_乐论",
        "with_punctuation": "故人不能无乐，乐则必发于声音，形于动静；而人之道，声音动静，性术之变尽是矣。",
        "translation": "人不可能没有欢乐；欢乐了就一定会在歌唱吟咏的声音中表现出来，在手舞足蹈的举止中体现出来；可见人的所作所为一一包括声音、举止、性情及其表现方式的变化，就全都体现在这音乐之中了。"
    },
    {
        "name": "荀子_乐论",
        "with_punctuation": "故人不能不乐，乐则不能无形，形而不为道，则不能无乱。",
        "translation": "所以，人不可能不快乐，快乐了就不可能不表现出来，但这种表现如果不进行引导，就不可能没有祸乱。"
    },
    {
        "name": "荀子_乐论",
        "with_punctuation": "先王恶其乱也，故制雅颂之声以道之，使其声足以乐而不流，使其文足以辨而不諰，使其曲直繁省廉肉节奏，足以感动人之善心，使夫邪污之气无由得接焉。",
        "translation": "古代的圣王憎恶那祸乱，所以创作了《雅》、《颂》的音乐来引导他们，使那歌声足够用来表达快乐而不淫荡，使那歌词足够用来阐明正确的道理而不流于花巧，使那音律的宛转或舒扬、繁复或简单、清脆利落或圆润丰满、节制停顿或推进加快，都足够用来感动人的行善之心，使那些邪恶肮脏的风气没有途径能和民众接触。"
    },
    {
        "name": "荀子_乐论",
        "with_punctuation": "是先王立乐之方也，而墨子非之奈何！",
        "translation": "这就是古代圣王设置音乐的原则啊。但是墨子却反对音乐，又能怎么样呢？"
    },
    {
        "name": "荀子_乐论",
        "with_punctuation": "故乐在宗庙之中，君臣上下同听之，则莫不和敬；闺门之内，父子兄弟同听之，则莫不和亲；乡里族长之中，长少同听之，则莫不和顺。",
        "translation": "所以音乐在祖庙之中，君臣上下一起听了它，就再也没有人不和谐恭敬的了；在家门之内，父子兄弟一起听了它，就再也没有人不和睦相亲的了；在乡村里弄之中，年长的和年少的一起听了它，就再也没有人不和协顺从的了。"
    },
    {
        "name": "荀子_乐论",
        "with_punctuation": "故乐者审一以定和者也，比物以饰节者也，合奏以成文者也；足以率一道，足以治万变。",
        "translation": "音乐，是审定一个主音来确定其他和音的，是配上各种乐器来调整节奏的，是一起演奏来组成众音和谐的乐曲的；它足能用来率领统一的原则，足能用来整治各种变化。"
    },
    {
        "name": "荀子_乐论",
        "with_punctuation": "是先王立乐之术也，而墨子非之奈何！",
        "translation": "这就是古代圣王设置音乐的方法啊。可是墨子却反对音乐，又能怎么样呢？"
    },
    {
        "name": "荀子_乐论",
        "with_punctuation": "故听其雅颂之声，而志意得广焉；执其干戚，习其俯仰屈伸，而容貌得庄焉；行其缀兆，要其节奏，而行列得正焉，进退得齐焉。",
        "translation": "所以，人们听那《雅》、《颂》的音乐，志向心胸就能宽广了；拿起那盾牌斧头等舞具，练习那低头抬头弯曲伸展等舞蹈动作，容貌就能庄重了；行动在那舞蹈的行列位置上，迎合那舞曲的节奏，队列就能不偏不斜了，进退就能整齐一致了。"
    },
    {
        "name": "荀子_乐论",
        "with_punctuation": "故乐者、出所以征诛也，入所以揖让也；征诛揖让，其义一也。",
        "translation": "所以音乐，对外可用来征伐，对内可用来行礼让。对于征伐与礼让，音乐的作用是一样的。"
    },
    {
        "name": "荀子_乐论",
        "with_punctuation": "出所以征诛，则莫不听从；入所以揖让，则莫不从服。",
        "translation": "对外用音乐作为征伐的工具，那就没有人不听从；对内用音乐作为礼让的手段，那就没有人不服从。"
    },
    {
        "name": "荀子_乐论",
        "with_punctuation": "故乐者、天下之大齐也，中和之纪也，人情之所必不免也。",
        "translation": "所以音乐是齐一天下的工具，是中正和平的要领，是人的情感绝对不能脱离的东西。"
    },
    {
        "name": "荀子_乐论",
        "with_punctuation": "是先王立乐之术也，而墨子非之奈何！",
        "translation": "这就是古代圣王设置音乐的策略。可是墨子却反对音乐，又能怎么样呢？"
    },
    {
        "name": "荀子_乐论",
        "with_punctuation": "且乐者、先王之所以饰喜也；军旅鈇钺者，先王之所以饰怒也。",
        "translation": "况且音乐，是古代的圣王用来表现喜悦的；军队和刑具，是古代的圣王用来表现愤怒的。"
    },
    {
        "name": "荀子_乐论",
        "with_punctuation": "先王喜怒皆得其齐焉。",
        "translation": "古代圣王的喜悦和愤怒都能通过音乐与军队刑具而表达得恰如其分。"
    },
    {
        "name": "荀子_乐论",
        "with_punctuation": "是故喜而天下和之，怒而暴乱畏之。",
        "translation": "所以，圣王喜悦了，天下人就附和他；圣人愤怒了，凶暴作乱的人就害怕他。"
    },
    {
        "name": "荀子_乐论",
        "with_punctuation": "先王之道，礼乐正其盛者也。而墨子非之。",
        "translation": "古代圣王的政治原则中，礼制和音乐正是其中的大事，但墨子却反对它们。"
    },
    {
        "name": "荀子_乐论",
        "with_punctuation": "故曰：墨子之于道也，犹瞽之于白黑也，犹聋之于清浊也，犹欲之楚而北求之也。",
        "translation": "所以说：墨子对于正确的政治原则，就好像是瞎子对于白色和黑色不能分辨一样，就好像是聋子对于音质的清浊不能区别一样，就好像是想到南方的楚国却到北方去寻找它一样。"
    },
    {
        "name": "荀子_乐论",
        "with_punctuation": "夫声乐之入人也深，其化人也速，故先王谨为之文。",
        "translation": "那音乐渗入人心是很深的，它感化人心是很快的，所以古代的圣王谨慎地给它文饰。"
    },
    {
        "name": "荀子_乐论",
        "with_punctuation": "乐中平则民和而不流，乐肃庄则民齐而不乱。",
        "translation": "音乐中正平和，那末民众就和睦协调而不淫荡；音乐严肃庄重，那末民众就同心同德而不混乱。"
    },
    {
        "name": "荀子_乐论",
        "with_punctuation": "民和齐则兵劲城固，敌国不敢婴也。",
        "translation": "民众和睦协调、同心同德，那末兵力就强劲，城防就牢固，敌国就不敢来侵犯了。"
    },
    {
        "name": "荀子_乐论",
        "with_punctuation": "如是，则百姓莫不安其处，乐其乡，以至足其上矣。",
        "translation": "像这样，那末老百姓就无不满足于自己的住处，喜欢自己的家乡，以使自己的君主获得满足。"
    },
    {
        "name": "荀子_乐论",
        "with_punctuation": "然后名声于是白，光辉于是大，四海之民莫不愿得以为师，是王者之始也。",
        "translation": "音乐妖冶轻浮而邪恶，那末民众就淫荡轻慢卑鄙下贱了。民众淫荡轻慢，就会混乱；卑鄙下贱，就会争夺。"
    },
    {
        "name": "荀子_乐论",
        "with_punctuation": "乐姚冶以险，则民流僈鄙贱矣；流僈则乱，鄙贱则争；乱争则兵弱城犯，敌国危之如是，则百姓不安其处，不乐其乡，不足其上矣。",
        "translation": "混乱又争夺，那就会兵力衰弱、城池被侵犯，敌国就会来危害了。像这样，那末老百姓就不会安居在自己的住处，就不会喜欢自己的家乡，也不会使自己的君主满足了。"
    },
    {
        "name": "荀子_乐论",
        "with_punctuation": "故礼乐废而邪音起者，危削侮辱之本也。",
        "translation": "所以，礼制雅乐被废弃而靡靡之音兴起来，这是国家危险削弱、遭受侮辱的根源。"
    },
    {
        "name": "荀子_乐论",
        "with_punctuation": "故先王贵礼乐而贱邪音。",
        "translation": "所以古代的圣王看重礼制雅乐而鄙视靡靡之音。"
    },
    {
        "name": "荀子_乐论",
        "with_punctuation": "其在序官也，曰： 修宪命，审诗商，禁淫声，以时顺修，使夷俗邪音不敢乱雅，太师之事也。",
        "translation": "他在论列官职时，说： 遵循法令，审查诗歌乐章，禁止淫荡的音乐，根据时势去整治，使蛮夷的落后风俗和邪恶的音乐不敢扰乱正声雅乐，这是太师的职事。"
    },
    {
        "name": "荀子_乐论",
        "with_punctuation": "墨子曰： 乐者、圣王之所非也，而儒者为之过也。",
        "translation": "墨子说： 音乐，是圣明的帝王所反对的，而儒者却讲求它，那是错误的。"
    },
    {
        "name": "荀子_乐论",
        "with_punctuation": "君子以为不然。",
        "translation": "君子认为并不是这样。"
    },
    {
        "name": "荀子_乐论",
        "with_punctuation": "乐者，圣王之所乐也，而可以善民心，其感人深，其移风易俗。故先王导之以礼乐，而民和睦。",
        "translation": "音乐是圣人所喜欢的，而且可以用来改善民众的思想，它感人至深，它改变风俗也容易，所以古代的圣王用礼制音乐来引导人民而人民就和睦了。"
    },
    {
        "name": "荀子_乐论",
        "with_punctuation": "夫民有好恶之情，而无喜怒之应则乱；先王恶其乱也，故修其行，正其乐，而天下顺焉。",
        "translation": "民众有了爱憎的感情而没有表达喜悦愤怒的方式来和它相应，就会混乱。古代的圣王憎恶这种混乱，所以修养自己的德行，端正国内的音乐，因而天下人就顺从他了。"
    },
    {
        "name": "荀子_乐论",
        "with_punctuation": "故齐衰之服，哭泣之声，使人之心悲。带甲婴胄，歌于行伍，使人之心伤；姚冶之容，郑卫之音，使人之心淫；绅、端、章甫，舞韶歌武，使人之心庄。",
        "translation": "那披麻戴孝的丧服，哭泣的声音，会使人的内心悲痛；穿上铠甲，系上头盔，在部队中歌唱，会使人的内心忧伤；妖艳的容貌，郑国、卫国的靡靡之音，会使人的内心淫荡；系着宽大的腰带、穿着礼服、戴着礼帽，随着《韶》《武》的乐曲载歌载舞，会使人的内心严肃。"
    },
    {
        "name": "荀子_乐论",
        "with_punctuation": "故君子耳不听淫声，目不视邪色，口不出恶言，此三者，君子慎之。",
        "translation": "所以君子耳朵不聆听淫荡的音乐，眼睛不注视女子的美貌，嘴巴不说出邪恶的语言。这三件事，君子是慎重地对待的。"
    },
    {
        "name": "荀子_乐论",
        "with_punctuation": "凡奸声感人而逆气应之，逆气成象而乱生焉；正声感人而顺气应之，顺气成象而治生焉。",
        "translation": "大凡淫邪的音乐感动人以后就有歪风邪气来应和它，歪风邪气形成了气候，那么混乱的局面就产生了。正派的音乐感动人以后就有和顺的风气来应和它，和顺的风气成了社会现象，那么秩序井然的局面就产生了。"
    },
    {
        "name": "荀子_乐论",
        "with_punctuation": "唱和有应，善恶相象，故君子慎其所去就也。君子以钟鼓道志，以琴瑟乐心；动以干戚，饰以羽旄，从以磬管。故其清明象天，其广大象地，其俯仰周旋有似于四时。",
        "translation": "拿着盾牌斧头等舞具来跳舞，用野鸡毛和牦牛尾等舞具做装饰，用石磬、箫管来伴奏。所以那乐声的清朗像天空，广大像大地，那舞姿的俯仰旋转又和四季的变化相似。"
    },
    {
        "name": "荀子_乐论",
        "with_punctuation": "故乐行而志清，礼修而行成，耳目聪明，血气和平，移风易俗，天下皆宁，美善相乐。",
        "translation": "所以音乐推行后人们的志向就会高洁，礼制遵循后人们的德行就能养成。要使人们耳聪目明，感情温和平静，改变风俗，天下都安宁，没有什么比音乐更好的了。"
    },
    {
        "name": "荀子_乐论",
        "with_punctuation": "故曰：乐者、乐也。",
        "translation": "所以说：音乐，就是欢乐的意思。"
    },
    {
        "name": "荀子_乐论",
        "with_punctuation": "君子乐得其道，小人乐得其欲；以道制欲，则乐而不乱；以欲忘道，则惑而不乐。",
        "translation": "君子把从音乐中获得道义作为欢乐，小人把从音乐中满足欲望当作欢乐。用道义来控制欲望，那就能欢乐而不淫乱；为满足欲望而忘记了道义，那就会迷惑而不快乐。"
    },
    {
        "name": "荀子_乐论",
        "with_punctuation": "故乐者，所以道乐也，金石丝竹，所以道德也；乐行而民乡方矣。",
        "translation": "所以音乐是用来引导人们娱乐的。金钟石磬琴瑟管箫等乐器，是用来引导人们修养道德的。音乐推行后民众就向往道义了。"
    },
    {
        "name": "荀子_乐论",
        "with_punctuation": "故乐也者，治人之盛者也，而墨子非之。",
        "translation": "所以音乐是治理人民的重大工具，但墨子却反对它。"
    },
    {
        "name": "荀子_乐论",
        "with_punctuation": "且乐也者，和之不可变者也；礼也者，理之不可易者也。",
        "translation": "况且音乐，是协调人情时不可变更的手段；礼制，是治理社会时不可更换的原则。"
    },
    {
        "name": "荀子_乐论",
        "with_punctuation": "乐合同，礼别异，礼乐之统，管乎人心矣。",
        "translation": "音乐使人们同心同德，礼制使人们区别出等级的差异。所以礼制音乐的纲领，可以总管人们的思想了。"
    },
    {
        "name": "荀子_乐论",
        "with_punctuation": "穷本极变，乐之情也；着诚去伪，礼之经也。",
        "translation": "深入地触动、极大地改变人的心性，是音乐的实际情形；彰明真诚、去掉虚伪，是礼制的永恒原则。"
    },
    {
        "name": "荀子_乐论",
        "with_punctuation": "墨子非之，几遇刑也。",
        "translation": "墨子反对它们，近乎犯罪。"
    },
    {
        "name": "荀子_乐论",
        "with_punctuation": "明王已没，莫之正也。",
        "translation": "圣明的帝王已经死去，没有人来加以纠正。"
    },
    {
        "name": "荀子_乐论",
        "with_punctuation": "愚者学之，危其身也。",
        "translation": "愚蠢的人学习他，会危害自己的生命。"
    },
    {
        "name": "荀子_乐论",
        "with_punctuation": "君子明乐，乃其德也。",
        "translation": "君子彰明音乐，这才是仁德。"
    },
    {
        "name": "荀子_乐论",
        "with_punctuation": "乱世恶善，不此听也。",
        "translation": "混乱的社会厌恶善行，不听这提倡音乐的话。"
    },
    {
        "name": "荀子_乐论",
        "with_punctuation": "于乎哀哉！",
        "translation": "唉呀可悲啊！"
    },
    {
        "name": "荀子_乐论",
        "with_punctuation": "不得成也。",
        "translation": "音乐因此而不能见成效。"
    },
    {
        "name": "荀子_乐论",
        "with_punctuation": "弟子勉学，无所营也。",
        "translation": "学生们努力学习吧，不要因为墨子的反对而有所迷惑啊。"
    },
    {
        "name": "荀子_乐论",
        "with_punctuation": "声乐之象：鼓大丽，钟统实，磬廉制，竽笙箫和，筦钥发猛，埙篪翁博，瑟易良，琴妇好，歌清尽，舞意天道兼。",
        "translation": "音乐的象征：鼓声弘大高亢，钟声洪亮浑厚，磬声清越明朗，竽、笙、箫、和、管、籥等管乐器的声音昂扬激越，埙、篪的声音浩瀚磅礴，瑟的声音平易温良，琴的声音柔婉优美，歌声清朗而曲尽其情，舞蹈的意象则包容了自然界的一切现象。"
    },
    {
        "name": "荀子_乐论",
        "with_punctuation": "鼓其乐之君邪。",
        "translation": "鼓，大概是音乐的主宰吧？"
    },
    {
        "name": "荀子_乐论",
        "with_punctuation": "故鼓似天，钟似地，磬似水，竽笙箫和筦钥，似星辰日月，鼗柷、拊鞷、椌楬似万物。",
        "translation": "所以鼓声像天，钟声像地，磬声像水，竽、笙、箫、和、管、籥等管乐器的声音像日月星辰，鞉、柷、拊、鞷、椌、楬的声音像万物。"
    },
    {
        "name": "荀子_乐论",
        "with_punctuation": "曷以知舞之意？",
        "translation": "凭什么来了解舞蹈的意象呢？"
    },
    {
        "name": "荀子_乐论",
        "with_punctuation": "曰：目不自见，耳不自闻也，然而治俯仰、诎信、进退、迟速，莫不廉制，尽筋骨之力，以要钟鼓俯会之节，而靡有悖逆者，众积意謘謘乎！",
        "translation": "回答说：跳舞的人眼睛不能看见自己的形体，耳朵不能听到自己的声音，但是处理低头、抬头、弯曲、伸直、前进、后退、缓慢、快速的动作时无不干净利落明白清楚，尽身体的力量去迎合钟、鼓的节奏，而无所违背，众人集中注意力真认真啊！"
    },
    {
        "name": "荀子_乐论",
        "with_punctuation": "吾观于乡，而知王道之易易也。",
        "translation": "我看到了乡中请人喝酒的礼仪就知道先王的政治原则实施起来是容易又容易的了。"
    },
    {
        "name": "荀子_乐论",
        "with_punctuation": "主人亲速宾及介，而众宾皆从之。至于门外，主人拜宾及介，而众宾皆入；贵贱之义别矣。",
        "translation": "主人亲自去邀请贤德的贵宾和德行稍次的陪客，而一般客人就都跟着他们来了；来到门外，主人向贵宾和陪客拱手鞠躬，而一般客人就都进门了；对高贵者和卑贱者的不同礼仪就这样分别开来了。"
    },
    {
        "name": "荀子_乐论",
        "with_punctuation": "三揖至于阶，三让以宾升。拜至、献、酬，辞让之节繁，及介省矣。至于众宾，升受、坐祭、立饮，不酢而降；隆杀之义辨矣。",
        "translation": "主人拱手作揖三次才与贵宾来到厅堂的台阶下，再谦让三次而使贵宾登上厅堂，再拜谢贵宾的到来，主人献酒酬宾，推辞谦让的礼节十分繁多；至于陪客，那礼节就减少了；至于一般客人，登堂受酒，坐着酹酒祭神，站着饮酒，不用酒回敬主人就退下堂去了；隆重与简省的礼仪就这样分别开来了。"
    },
    {
        "name": "荀子_乐论",
        "with_punctuation": "工入，升歌三终，主人献之；笙入三终，主人献之；间歌三终，合乐三终，工告乐备，遂出。",
        "translation": "乐工进来，登上厅堂，把《鹿鸣》、《四牡》、《皇皇者华》三首歌各唱一遍，主人敬酒；吹笙的人进来，把《南陔》、《白华》、《华黍》三支乐曲各吹奏一遍，主人敬酒；乐工与吹笙的间隔着轮流歌唱演奏各三曲，再合着歌唱演奏各三曲，乐工报告乐曲已经完备，就出去了。"
    },
    {
        "name": "荀子_乐论",
        "with_punctuation": "二人扬觯，乃立司正，焉知其能和乐而不流也。",
        "translation": "主人的两个侍从举起酒杯帮助敬酒，于是又设置了监督行礼的专职人员。从这些礼仪之中可以知道他们能够和睦安乐而不淫荡。"
    },
    {
        "name": "荀子_乐论",
        "with_punctuation": "宾酬主人，主人酬介，介酬众宾，少长以齿，终于沃洗者，焉知其能弟长而无遗也。",
        "translation": "贵宾向主人敬酒表示答谢，主人向陪客敬酒表示答谢，陪客向一般客人敬酒表示答谢，宾主对年轻的年长的都根据年龄依次酬谢，最后轮到向主人手下盥洗酒杯的人酬谢。从这些礼仪之中可以知道他们能够尊重年轻的尊敬年长的而不遗漏一个人。"
    },
    {
        "name": "荀子_乐论",
        "with_punctuation": "降，说屦升坐，修爵无数。",
        "translation": "退下堂去，脱去鞋子，再登堂就坐，依次不断地敬酒。"
    },
    {
        "name": "荀子_乐论",
        "with_punctuation": "饮酒之节，朝不废朝，莫不废夕。",
        "translation": "请人喝酒的限度是，在早晨饮酒不耽误早上的工作，在傍晚喝酒不耽误晚上的事情。"
    },
    {
        "name": "荀子_乐论",
        "with_punctuation": "宾出，主人拜送，节文终遂，焉知其能安燕而不乱也。",
        "translation": "贵宾出门，主人拱手鞠躬送行，礼节仪式就完成了。从这些礼仪中可以知道他们能够逸乐而不乖乱。"
    },
    {
        "name": "荀子_乐论",
        "with_punctuation": "贵贱明，隆杀辨，和乐而不流，弟长而无遗，安燕而不乱，此五行者，足以正身安国矣。",
        "translation": "高贵者和卑贱者被区别清楚，隆重的礼仪和简省的礼仪被分别开来，和睦安乐而不淫荡，尊重年轻的尊敬年长的而不遗漏一个人，逸乐而不乖乱，这五种行为，足够用来端正身心安定国家了。"
    },
    {
        "name": "荀子_乐论",
        "with_punctuation": "彼国安而天下安。",
        "translation": "那国家安定了，那么整个天下也就安定了。"
    },
    {
        "name": "荀子_乐论",
        "with_punctuation": "故曰：吾观于乡，而知王道之易易也。",
        "translation": "所以说：我看到了乡中请人喝酒的礼仪就知道先王的政治原则实施起来是极其容易的。"
    },
    {
        "name": "荀子_乐论",
        "with_punctuation": "乱世之征：其服组，其容妇。其俗淫，其志利，其行杂，其声乐险，其文章匿而采，其养生无度，其送死瘠墨，贱礼义而贵勇力，贫则为盗，富则为贼；治世反是也。",
        "translation": "混乱的社会的迹象：那里的服装华丽，男人的容貌打扮得像妇女一样妖媚，那里的风俗淫荡，人们的志向是唯利是图，人们的行为驳杂不纯，那里的音乐邪恶怪僻，那里的文章内容邪恶而辞藻华美，那里的人将养身体没有限度，葬送死人俭省刻薄，轻视礼制与道义而崇尚勇敢与武力，贫穷的就盗窃，富裕的就贼害他人。治理得好的社会则与此相反。"
    }
]