[
    {
        "name": "左传_闵公_闵公二年",
        "with_punctuation": "二年春，王正月，齐人迁阳。",
        "translation": "二年春季，周历正月，齐国人迁入阳国。"
    },
    {
        "name": "左传_闵公_闵公二年",
        "with_punctuation": "夏五月乙酉，吉禘于庄公。",
        "translation": "夏季五月乙酉日，为庄公举行大祭。"
    },
    {
        "name": "左传_闵公_闵公二年",
        "with_punctuation": "秋八月辛丑，公薨。",
        "translation": "秋季八月辛丑日，闵公去世。"
    },
    {
        "name": "左传_闵公_闵公二年",
        "with_punctuation": "九月，夫人姜氏孙于邾。",
        "translation": "九月，夫人哀姜逃到邾国。"
    },
    {
        "name": "左传_闵公_闵公二年",
        "with_punctuation": "公子庆父出奔莒。",
        "translation": "公子庆父逃到莒国。"
    },
    {
        "name": "左传_闵公_闵公二年",
        "with_punctuation": "冬，齐高子来盟。",
        "translation": "冬季，齐国的高子来鲁国盟会。"
    },
    {
        "name": "左传_闵公_闵公二年",
        "with_punctuation": "十有二月狄入卫。",
        "translation": "十二月，狄人进攻卫国。"
    },
    {
        "name": "左传_闵公_闵公二年",
        "with_punctuation": "郑弃其师。",
        "translation": "郑国军队溃散逃回。"
    },
    {
        "name": "左传_闵公_闵公二年",
        "with_punctuation": "二年春，虢公败犬戎于渭汭。",
        "translation": "二年春季，虢公在渭水入河的地方打败犬戎。"
    },
    {
        "name": "左传_闵公_闵公二年",
        "with_punctuation": "舟之侨曰： 无德而禄，殃也。",
        "translation": "舟之侨说： 没有德行受到宠禄，这是灾祸。"
    },
    {
        "name": "左传_闵公_闵公二年",
        "with_punctuation": "殃将至矣。",
        "translation": "灾祸将要来到了。"
    },
    {
        "name": "左传_闵公_闵公二年",
        "with_punctuation": "遂奔晋。",
        "translation": "就逃亡到晋国。"
    },
    {
        "name": "左传_闵公_闵公二年",
        "with_punctuation": "夏，吉禘于庄公，速也。",
        "translation": "夏季，为庄公举行大祭。"
    },
    {
        "name": "左传_闵公_闵公二年",
        "with_punctuation": "初，公傅夺卜齮田，公不禁。",
        "translation": "未免太快了。当初，闵公的保傅夺取卜齮的田地，闵公不加禁止。"
    },
    {
        "name": "左传_闵公_闵公二年",
        "with_punctuation": "秋八月辛丑，共仲使卜齮贼公于武闱。",
        "translation": "秋季，八月二十四日，共仲指使卜齮在武闱杀害闵公。"
    },
    {
        "name": "左传_闵公_闵公二年",
        "with_punctuation": "成季以僖公适邾。",
        "translation": "成季带着僖公跑到邾国。"
    },
    {
        "name": "左传_闵公_闵公二年",
        "with_punctuation": "共仲奔莒，乃入，立之。",
        "translation": "共仲逃亡到莒国，季友和僖公就回到鲁国，拥立僖公为国君。"
    },
    {
        "name": "左传_闵公_闵公二年",
        "with_punctuation": "以赂求共仲于莒，莒人归之。",
        "translation": "用财货到莒国求取共仲，莒国人把他送了回来。"
    },
    {
        "name": "左传_闵公_闵公二年",
        "with_punctuation": "及密，使公子鱼请，不许。",
        "translation": "共仲到达密地，让公子鱼请求赦免。"
    },
    {
        "name": "左传_闵公_闵公二年",
        "with_punctuation": "哭而往，共仲曰： 奚斯之声也。",
        "translation": "没有得到同意，公子鱼哭着回去。共仲说： 这是公子鱼的哭声啊！"
    },
    {
        "name": "左传_闵公_闵公二年",
        "with_punctuation": "乃缢。",
        "translation": "于是上吊死了。"
    },
    {
        "name": "左传_闵公_闵公二年",
        "with_punctuation": "闵公，哀姜之娣叔姜之子也，故齐人立之。",
        "translation": "闵公是哀姜的妹妹叔姜的儿子，所以齐人立他为国君。"
    },
    {
        "name": "左传_闵公_闵公二年",
        "with_punctuation": "共仲通于哀姜，哀姜欲立之。",
        "translation": "共仲和哀姜私通，哀姜想立他为国君。"
    },
    {
        "name": "左传_闵公_闵公二年",
        "with_punctuation": "闵公之死也，哀姜与知之，故孙于邾。",
        "translation": "闵公的被害，哀姜事先知道内情，所以逃到邾国。"
    },
    {
        "name": "左传_闵公_闵公二年",
        "with_punctuation": "齐人取而杀之于夷，以其尸归。僖公请而葬之。",
        "translation": "齐人向邾人索取哀姜，在夷地杀了她，把她的尸首带回去，僖公请求归还尸首安葬。"
    },
    {
        "name": "左传_闵公_闵公二年",
        "with_punctuation": "成季之将生也，桓公使卜楚丘之父卜之。",
        "translation": "成季将要出生的时候，鲁桓公让掌卜官楚丘的父亲占卜。"
    },
    {
        "name": "左传_闵公_闵公二年",
        "with_punctuation": "曰： 男也。",
        "translation": "他说： 是男孩子。"
    },
    {
        "name": "左传_闵公_闵公二年",
        "with_punctuation": "其名曰友，在公之右，间于两社，为公室辅。",
        "translation": "他名叫友，是您的右手；处于周社和亳社之间，作为公室的辅助。"
    },
    {
        "name": "左传_闵公_闵公二年",
        "with_punctuation": "季氏亡则鲁不昌。",
        "translation": "季氏灭亡，鲁国不能盛昌。"
    },
    {
        "name": "左传_闵公_闵公二年",
        "with_punctuation": "又筮之，遇《大有》之《乾》，曰： 同复于父，敬如君所。",
        "translation": "又占筮，得到《大有》变成《乾》，说： 尊贵如同父亲，敬重如同国君。"
    },
    {
        "name": "左传_闵公_闵公二年",
        "with_punctuation": "及生，有文在其手曰 友 ，遂以命之。",
        "translation": "等到生下来，在手掌心有个 友 字，就以友命名。"
    },
    {
        "name": "左传_闵公_闵公二年",
        "with_punctuation": "冬十二月，狄人伐卫。",
        "translation": "冬季，十二月，狄人进攻卫国。"
    },
    {
        "name": "左传_闵公_闵公二年",
        "with_punctuation": "卫懿公好鹤，鹤有乘轩者。",
        "translation": "卫懿公喜欢鹤，鹤有坐车子的。"
    },
    {
        "name": "左传_闵公_闵公二年",
        "with_punctuation": "将战，国人受甲者皆曰： 使鹤，鹤实有禄位，余焉能战！",
        "translation": "将要作战时，接受甲胄的人们都说： 让鹤去，鹤实际上享有官禄官位，我们哪里能打仗！"
    },
    {
        "name": "左传_闵公_闵公二年",
        "with_punctuation": "公与石祁子玦，与甯庄子矢，使守，曰： 以此赞国，择利而为之。",
        "translation": "懿公把玉佩给了石祁子，把箭给了甯庄子，让他们防守，说： 用这个来赞助国家，选择有利的去做。"
    },
    {
        "name": "左传_闵公_闵公二年",
        "with_punctuation": "与夫人绣衣，曰： 听于二子。",
        "translation": "把绣衣给了夫人，说： 听他们二人的！"
    },
    {
        "name": "左传_闵公_闵公二年",
        "with_punctuation": "渠孔御戎，子伯为右，黄夷前驱，孔婴齐殿。",
        "translation": "渠孔为卫懿公驾御战车，子伯作为车右；黄夷打冲锋，孔婴齐指挥后军。"
    },
    {
        "name": "左传_闵公_闵公二年",
        "with_punctuation": "及狄人战于荧泽，卫师败绩，遂灭卫。",
        "translation": "和狄人在荧泽作战，卫军大败，狄人就灭亡了卫国。"
    },
    {
        "name": "左传_闵公_闵公二年",
        "with_punctuation": "卫侯不去其旗，是以甚败。",
        "translation": "卫侯不肯去掉自己的旗帜，所以惨败。"
    },
    {
        "name": "左传_闵公_闵公二年",
        "with_punctuation": "狄人囚史华龙滑与礼孔以逐卫人。",
        "translation": "狄人囚禁了史官华龙滑和礼孔以追赶卫国人。"
    },
    {
        "name": "左传_闵公_闵公二年",
        "with_punctuation": "二人曰： 我，大史也，实掌其祭，不先，国不可得也。",
        "translation": "这两个人说： 我们，是太史之官，执掌祭祀。如果不先回去，你们是不能得到国都的。"
    },
    {
        "name": "左传_闵公_闵公二年",
        "with_punctuation": "乃先之。",
        "translation": "于是就让他们先回去。"
    },
    {
        "name": "左传_闵公_闵公二年",
        "with_punctuation": "至则告守曰： 不可待也。",
        "translation": "他们到达，就告诉守卫的人说： 不能抵御了。"
    },
    {
        "name": "左传_闵公_闵公二年",
        "with_punctuation": "夜与国人出。",
        "translation": "夜里和国都的人一起退走。"
    },
    {
        "name": "左传_闵公_闵公二年",
        "with_punctuation": "狄入卫，遂从之，又败诸河。",
        "translation": "狄人进入卫国国都，跟着追上去，又在黄河边上打败了卫国人。"
    },
    {
        "name": "左传_闵公_闵公二年",
        "with_punctuation": "初，惠公之即位也少，齐人使昭伯烝于宣姜。不可，强之。",
        "translation": "当初，卫惠公即位的时候还很年轻，齐人让昭伯和宣姜私通，昭伯不同意，就逼迫他干。"
    },
    {
        "name": "左传_闵公_闵公二年",
        "with_punctuation": "生齐子、戴公、文公、宋桓夫人、许穆夫人。",
        "translation": "生了齐子、戴公、文公、宋桓夫人、许穆夫人。"
    },
    {
        "name": "左传_闵公_闵公二年",
        "with_punctuation": "文公为卫之多患也，先適齐。",
        "translation": "文公由于卫国祸患太多，先到了齐国。"
    },
    {
        "name": "左传_闵公_闵公二年",
        "with_punctuation": "及败，宋桓公逆诸河，宵济。",
        "translation": "等到卫国这次大败，宋桓公在黄河边上迎接，夜里渡河。"
    },
    {
        "name": "左传_闵公_闵公二年",
        "with_punctuation": "卫之遗民男女七百有三十人，益之以共、滕之民为五千人，立戴公以庐于曹。",
        "translation": "卫国的遗民男女共计七百三十人，加上共地、滕地的百姓共五千人。立戴公为国君。"
    },
    {
        "name": "左传_闵公_闵公二年",
        "with_punctuation": "许穆夫人赋《载驰》。",
        "translation": "暂时寄居在曹邑，许穆夫人作了《载驰》这首诗。"
    },
    {
        "name": "左传_闵公_闵公二年",
        "with_punctuation": "齐侯使公子无亏帅车三百乘、甲士三千人以戍曹。归公乘马，祭服五称，牛羊豕鸡狗皆三百，与门材。",
        "translation": "齐桓公派遣公子无亏率领战车三百辆、披甲战士三千人守卫曹邑，赠送给戴公驾车的马匹，祭服五套，牛、羊、猪、鸡、狗都是三百头，还有做门户的木材。"
    },
    {
        "name": "左传_闵公_闵公二年",
        "with_punctuation": "归夫人鱼轩，重锦三十两。",
        "translation": "赠送给夫人用鱼皮装饰的车子，上等的绸缎三十匹。"
    },
    {
        "name": "左传_闵公_闵公二年",
        "with_punctuation": "郑人恶高克，使帅师次于河上，久而弗召，师溃而归。高克奔陈。",
        "translation": "郑国人讨厌高克，派他率领军队住在黄河边，很久也不召他回来，军队溃散逃回，高克逃亡到陈国。"
    },
    {
        "name": "左传_闵公_闵公二年",
        "with_punctuation": "郑人为之赋《清人》。",
        "translation": "郑国人为高克作了《清人》这首诗。"
    },
    {
        "name": "左传_闵公_闵公二年",
        "with_punctuation": "晋侯使大子申生伐东山皋落氏。",
        "translation": "晋献公派遣太子申生进攻东山的皋落氏。"
    },
    {
        "name": "左传_闵公_闵公二年",
        "with_punctuation": "里克谏曰： 大子奉冢祀社稷之粢盛，以朝夕视君膳者也，故曰冢子。",
        "translation": "里克进谏说： 太子，是奉事宗庙祭祀、社稷大祭和早晚照看国君饮食的人，所以叫做冢子。"
    },
    {
        "name": "左传_闵公_闵公二年",
        "with_punctuation": "君行则守，有守则从，从曰抚军，守曰监国，古之制也。",
        "translation": "国君外出就守护国家，如果有别人守护就跟随国君。跟随在外叫做抚军，守护在内叫做监国，这是古代的制度。"
    },
    {
        "name": "左传_闵公_闵公二年",
        "with_punctuation": "夫帅师，专行谋，誓军旅，君与国政之所图也，非大子之事也。",
        "translation": "说到带兵一事，对各种策略作出决断，对军队发号施令，这是国君和正卿所应该策划的，不是太子的事情。"
    },
    {
        "name": "左传_闵公_闵公二年",
        "with_punctuation": "师在制命而已。禀命则不威，专命则不孝。故君之嗣適不可以帅师。",
        "translation": "率领大军在于控制命令，太子领兵，如果遇事都要请示就失去威严，擅自发令而不请示就是不孝，所以国君的大儿子不能带领军队。"
    },
    {
        "name": "左传_闵公_闵公二年",
        "with_punctuation": "君失其官，帅师不威，将焉用之？",
        "translation": "国君失去了任命职官的准则，太子统率军队也没有威严，何必如此呢？"
    },
    {
        "name": "左传_闵公_闵公二年",
        "with_punctuation": "且臣闻皋落氏将战，君其舍之。",
        "translation": "而且下臣听说皋落氏准备出兵迎战，君王还是不要太子去为好。"
    },
    {
        "name": "左传_闵公_闵公二年",
        "with_punctuation": "公曰： 寡人有子，未知其谁立焉。",
        "translation": "晋献公说： 我有好几个儿子，还不知道立谁为嗣君呢！"
    },
    {
        "name": "左传_闵公_闵公二年",
        "with_punctuation": "不对而退。",
        "translation": "里克不回答，退了下去。"
    },
    {
        "name": "左传_闵公_闵公二年",
        "with_punctuation": "见大子，大子曰： 吾其废乎？",
        "translation": "里克进见太子。太子说： 我恐怕要被废了吧！"
    },
    {
        "name": "左传_闵公_闵公二年",
        "with_punctuation": "对曰： 告之以临民，教之以军旅，不共是惧，何故废乎？",
        "translation": "里克回答说： 命令您在曲沃治理百姓，教导您熟悉军事，害怕的是不能完成任务，为什么会废立呢？"
    },
    {
        "name": "左传_闵公_闵公二年",
        "with_punctuation": "且子惧不孝，无惧弗得立，修己而不责人，则免于难。",
        "translation": "而且做儿子的应该害怕不孝，不应该害怕不能立为嗣君。修养自己而不要去责备别人，就可以免于祸难。"
    },
    {
        "name": "左传_闵公_闵公二年",
        "with_punctuation": "大子帅师，公衣之偏衣，佩之金玦。",
        "translation": "太子申生带领军队，晋献公让他穿左右两色的衣服，佩带有缺口的青铜环形佩器。"
    },
    {
        "name": "左传_闵公_闵公二年",
        "with_punctuation": "狐突御戎，先友为右。",
        "translation": "狐突驾御战车，先友作为车右。"
    },
    {
        "name": "左传_闵公_闵公二年",
        "with_punctuation": "梁馀子养御罕夷，先丹木为右。",
        "translation": "梁馀子养为罕夷驾御战车，先丹木作为车右。"
    },
    {
        "name": "左传_闵公_闵公二年",
        "with_punctuation": "羊舌大夫为尉。",
        "translation": "羊舌大夫作为军尉。"
    },
    {
        "name": "左传_闵公_闵公二年",
        "with_punctuation": "先友曰： 衣身之偏，握兵之要。在此行也，子其勉之。",
        "translation": "先友说： 穿着国君衣服的一半，掌握着军事的机要，成败全在这一回了，您要自己勉励啊！"
    },
    {
        "name": "左传_闵公_闵公二年",
        "with_punctuation": "偏躬无慝，兵要远灾，亲以无灾，又何患焉！",
        "translation": "分出一半衣服没有恶意，兵权在手可以远离灾祸，与国君亲近又远离灾祸，又担心什么！"
    },
    {
        "name": "左传_闵公_闵公二年",
        "with_punctuation": "狐突叹曰： 时，事之征也。衣，身之章也。佩，衷之旗也。",
        "translation": "狐突叹息说： 时令，是事情的象征，衣服，是身分的标识，佩饰，是心志的旗帜。"
    },
    {
        "name": "左传_闵公_闵公二年",
        "with_punctuation": "故敬其事则命以始，服其身则衣之纯，用其衷则佩之度。",
        "translation": "所以如果看重这件事，就应该在春、夏季发布命令；赐予衣服，就不要用杂色；使人衷心为自己所用，就要让他佩带合于礼度的装饰品。"
    },
    {
        "name": "左传_闵公_闵公二年",
        "with_punctuation": "今命以时卒，其事也；衣之尨服，远其躬也，佩以金玦，弃其衷也。",
        "translation": "如今在年终发布命令，那是要让事情不能顺利进行；赐给他穿杂色衣服，那是要使他疏远；让他佩带缺口青铜环佩器，那是表示出丢弃太子的内心。"
    },
    {
        "name": "左传_闵公_闵公二年",
        "with_punctuation": "服以远之，时以之，尨凉冬杀，金寒玦离，胡可恃也？",
        "translation": "现在是用衣服疏远他，用时令使他不能顺利进行；杂色，意味凉薄；冬天，意味肃杀；金，意味寒冷；玦，意味决绝，这怎么可以依靠呢？"
    },
    {
        "name": "左传_闵公_闵公二年",
        "with_punctuation": "虽欲勉之，狄可尽乎？",
        "translation": "虽然要勉力而为，狄人难道可以消灭得一人不剩吗？"
    },
    {
        "name": "左传_闵公_闵公二年",
        "with_punctuation": "梁馀子养曰： 帅师者受命于庙，受脤于社，有常服矣。",
        "translation": "梁馀子养说： 领兵的人，在太庙里接受命令，在祭祀土神的地方接受祭肉，还应该有一定的服饰。"
    },
    {
        "name": "左传_闵公_闵公二年",
        "with_punctuation": "不获而尨，命可知也。",
        "translation": "现在得不到规定的服饰而得到杂色衣服，命令不怀好意可想而知。"
    },
    {
        "name": "左传_闵公_闵公二年",
        "with_punctuation": "死而不孝，不如逃之。",
        "translation": "死了以后还要落个不孝的罪名，不如逃了吧！"
    },
    {
        "name": "左传_闵公_闵公二年",
        "with_punctuation": "罕夷曰： 尨奇无常，金玦不复，虽复何为？",
        "translation": "罕夷说： 杂色的奇装异服不合规定，青铜环形佩器表示不再回来。"
    },
    {
        "name": "左传_闵公_闵公二年",
        "with_punctuation": "君有心矣。",
        "translation": "这样，即使是回来还有什么用？"
    },
    {
        "name": "左传_闵公_闵公二年",
        "with_punctuation": "先丹木曰： 是服也，狂夫阻之。",
        "translation": "国君已经有别的心思了。 先丹木说： 这样的衣服，狂人也不会去穿的。"
    },
    {
        "name": "左传_闵公_闵公二年",
        "with_punctuation": "曰 尽敌而反 ，敌可尽乎！",
        "translation": "国君说： 将敌人消灭光了再回来 ，敌人难道可以消灭得一干二净吗？"
    },
    {
        "name": "左传_闵公_闵公二年",
        "with_punctuation": "虽尽敌，犹有内谗，不如违之。",
        "translation": "即使把敌人消灭干净了，还有内部谗言，不如离开这里。"
    },
    {
        "name": "左传_闵公_闵公二年",
        "with_punctuation": "狐突欲行。羊舌大夫曰： 不可。",
        "translation": "狐突要走，羊舌大夫说： 不行。"
    },
    {
        "name": "左传_闵公_闵公二年",
        "with_punctuation": "违命不孝，弃事不忠，虽知其寒，恶不可取，子其死之。",
        "translation": "违背命令是不孝，抛弃责任是不忠。虽然已经感到了国君的心里冷酷，不孝不忠这样的邪恶是不可取的。您还是为此而死吧！"
    },
    {
        "name": "左传_闵公_闵公二年",
        "with_punctuation": "大子将战，狐突谏曰： 不可。",
        "translation": "太子准备作战，狐突劝阻说： 不行。"
    },
    {
        "name": "左传_闵公_闵公二年",
        "with_punctuation": "昔辛伯谂周桓公云： 内宠并后，外宠二政，嬖子配適，大都耦国，乱之本也。",
        "translation": "从前辛伯劝阻周桓公说： 妾媵并同于王后，宠臣相等于正卿，庶子和嫡子同等，大城和国都相同，这就是祸乱的根本。"
    },
    {
        "name": "左传_闵公_闵公二年",
        "with_punctuation": "周公弗从，故及于难。",
        "translation": "周桓公不听，所以遭到祸难。"
    },
    {
        "name": "左传_闵公_闵公二年",
        "with_punctuation": "今乱本成矣，立可必乎？",
        "translation": "现在祸乱的根本已经形成，您还能肯定会立您为嗣君吗？"
    },
    {
        "name": "左传_闵公_闵公二年",
        "with_punctuation": "孝而安民，子其图之，与其危身以速罪也。",
        "translation": "您就考虑一下吧！与其危害自身而加快罪过的到来，何如尽孝道而安定百姓！"
    },
    {
        "name": "左传_闵公_闵公二年",
        "with_punctuation": "成风闻成季之繇，乃事之，而属僖公焉，故成季立之。",
        "translation": "成风听到成季出生时占卜的卦辞，就和他结交，并且把僖公嘱托给他，所以成季立僖公为国君。"
    },
    {
        "name": "左传_闵公_闵公二年",
        "with_punctuation": "僖之元年，齐桓公迁邢于夷仪。",
        "translation": "僖公元年，齐桓公把邢国迁到夷仪。"
    },
    {
        "name": "左传_闵公_闵公二年",
        "with_punctuation": "二年，封卫于楚丘。",
        "translation": "二年，把卫国封在楚丘。"
    },
    {
        "name": "左传_闵公_闵公二年",
        "with_punctuation": "邢迁如归，卫国忘亡。",
        "translation": "邢国迁居，好像回到原来的国土；卫国重建，却忘记了亡国之痛。"
    },
    {
        "name": "左传_闵公_闵公二年",
        "with_punctuation": "卫文公大布之衣，大帛之冠，务材训农，通商惠工，敬教劝学，授方任能。",
        "translation": "卫文公穿着粗布衣服，戴着粗帛帽子，努力生产，教导农耕，便利商贩，加惠各种手工业，重视教化，奖励求学，向臣下传授为官之道，任用有能力的人。"
    },
    {
        "name": "左传_闵公_闵公二年",
        "with_punctuation": "元年革车三十乘，季年乃三百乘。",
        "translation": "头一年，战车只有三十辆，到末年，就有了三百辆。"
    }
]