[
    {
        "name": "魏书_列传_卷三十",
        "with_punctuation": "郦范，字世则，小名记祖，范阳涿鹿人。",
        "translation": "郦范，字世则，小名记祖，范阳涿鹿人。"
    },
    {
        "name": "魏书_列传_卷三十",
        "with_punctuation": "祖绍，慕容宝濮阳太守。",
        "translation": "祖父郦绍，曾任慕容宝的濮阳太守。"
    },
    {
        "name": "魏书_列传_卷三十",
        "with_punctuation": "太祖定中山，以郡迎降，授衮州监军。",
        "translation": "太祖平定中山以后，以其郡归降于魏，被授任为兖州监军。"
    },
    {
        "name": "魏书_列传_卷三十",
        "with_punctuation": "父嵩，天水太守。",
        "translation": "郦范之父郦嵩，任天水太守。"
    },
    {
        "name": "魏书_列传_卷三十",
        "with_punctuation": "范，世祖时给事东宫。",
        "translation": "郦范于世祖在位时在东宫任事。"
    },
    {
        "name": "魏书_列传_卷三十",
        "with_punctuation": "高宗践阼，追录先朝旧勋，赐爵永宁男，加宁远将军。",
        "translation": "高宗即位以后，追记他在先朝的旧功，赐予爵位为永宁男，任命为宁远将军。"
    },
    {
        "name": "魏书_列传_卷三十",
        "with_punctuation": "以治礼郎奉迁世祖、恭宗神主于太庙，进爵为子。",
        "translation": "郦范以治礼郎的身份捧奉世祖和恭宗的神主迁往太庙，进封爵位为子。"
    },
    {
        "name": "魏书_列传_卷三十",
        "with_punctuation": "征南大将军慕容白曜南征，范为左司马。",
        "translation": "征南大将军慕容白曜率军南征，郦范任左司马。"
    },
    {
        "name": "魏书_列传_卷三十",
        "with_punctuation": "师次无盐，刘彧戍主申纂凭城拒守。",
        "translation": "军队临时驻扎在无盐，刘属下的戍主申纂据城拒守。"
    },
    {
        "name": "魏书_列传_卷三十",
        "with_punctuation": "识者佥以攻具未周，不宜便进。",
        "translation": "军中之人都认为攻城的准备工作尚未周全，不宜立刻进攻。"
    },
    {
        "name": "魏书_列传_卷三十",
        "with_punctuation": "范曰： 今轻军远袭，深入敌境，无宜淹留，久稽机侯。",
        "translation": "郦范说： 现在我方轻军远袭，深入敌军境内，不宜迟缓滞留久停而失去时机。"
    },
    {
        "name": "魏书_列传_卷三十",
        "with_punctuation": "且纂必以我军来速，不去攻守，谓方城可凭，弱卒可恃。",
        "translation": "况且申纂必然认为我军来得迅速，不会立即攻城，认为自己有城墙可以凭靠，有兵卒可以倚仗。"
    },
    {
        "name": "魏书_列传_卷三十",
        "with_punctuation": "此天亡之时也。",
        "translation": "这正是上天要让其灭亡的好时机。"
    },
    {
        "name": "魏书_列传_卷三十",
        "with_punctuation": "今若外潜威形，内整戒旅，密厉将士，出其非意，可一攻而克之。",
        "translation": "现在我方如果外表上装着准备全力攻城的样子，内部整顿军旅，秘密激励将士振奋斗志，出其不意，就可以一举而攻克它。"
    },
    {
        "name": "魏书_列传_卷三十",
        "with_punctuation": "白曜曰； 一日纵敌，数世之患，今若舒迟，民心固矣。",
        "translation": "慕容白曜说道： 一日宽纵敌人，必然造成数世之患，如今假若行动迟缓，城内的民心就会更加坚固。"
    },
    {
        "name": "魏书_列传_卷三十",
        "with_punctuation": "司马之策是也。",
        "translation": "司马所说的计策是对的。"
    },
    {
        "name": "魏书_列传_卷三十",
        "with_punctuation": "遂潜军伪退，示以不攻。",
        "translation": "于是暗中令军队假装后退，向他显示不打算立即攻城的样子。"
    },
    {
        "name": "魏书_列传_卷三十",
        "with_punctuation": "纂果不设备。于是即夜部分，旦便腾城，崇朝而克。",
        "translation": "申纂果然不加防备，于是当晚作好部署，凌晨时分开始攀援城墙，天明之后就攻占了该城。"
    },
    {
        "name": "魏书_列传_卷三十",
        "with_punctuation": "白曜将尽以其人为军实。",
        "translation": "慕容白曜打算把敌方全部士卒用来充实自己的军队。"
    },
    {
        "name": "魏书_列传_卷三十",
        "with_punctuation": "范曰： 齐四履之地，世号 东秦 ，不远为经略，恐未可定也。",
        "translation": "郦范说道： 齐地四境所至之域，世代号称为 东秦 ，如果不长期加以治理，恐怕不可能安定。"
    },
    {
        "name": "魏书_列传_卷三十",
        "with_punctuation": "今皇威始被，民未沾泽，连城有怀贰之将，此邑有拒守之夫。",
        "translation": "如今大魏皇威刚刚覆盖此地，百姓尚未蒙受恩泽，城市相接有胸怀二心之将，邑镇相连有顽固拒守之夫。"
    },
    {
        "name": "魏书_列传_卷三十",
        "with_punctuation": "宜先信义，示之轨物，然后民心可怀，二州可定。",
        "translation": "应当首先申以信义，示以法度，然后民心可以得到安抚，二州可以加以平定。"
    },
    {
        "name": "魏书_列传_卷三十",
        "with_punctuation": "白曜曰： 此良策也。",
        "translation": "慕容白曜说： 这真是上等的策略啊。"
    },
    {
        "name": "魏书_列传_卷三十",
        "with_punctuation": "乃免之。",
        "translation": "于是就放弃了原先的打算。"
    },
    {
        "name": "魏书_列传_卷三十",
        "with_punctuation": "进次肥城，白曜将攻之。",
        "translation": "军队前进驻扎在肥城之外，慕容白曜准备攻打肥城。"
    },
    {
        "name": "魏书_列传_卷三十",
        "with_punctuation": "范曰： 肥城虽小，攻则淹日，得之无益军声，失之有损威势。",
        "translation": "郦范说： 肥城虽小，攻占它却要滞留许多时日，取胜了对军队声威没有多大益处，失败了却有损于魏军威势。"
    },
    {
        "name": "魏书_列传_卷三十",
        "with_punctuation": "且见无盐之卒，死者涂炭，成败之机，足为鉴矣。",
        "translation": "况且前次无盐之战，士卒死伤者甚多，成功与失败的关键，足以引为借鉴。"
    },
    {
        "name": "魏书_列传_卷三十",
        "with_punctuation": "若飞书告喻，可不攻自伏；纵其不降，亦当逃散。",
        "translation": "倘若送去书信予以警告和晓喻，其城定可以不攻自破；纵使他不肯投降，士兵也会逃离四散。"
    },
    {
        "name": "魏书_列传_卷三十",
        "with_punctuation": "白曜乃以书晓之，肥城果溃。",
        "translation": "慕容白曜就用书信对城中将士加以晓喻，肥城果然溃散。"
    },
    {
        "name": "魏书_列传_卷三十",
        "with_punctuation": "白曜目范于众曰： 此行也，得卿，三齐不足定矣。",
        "translation": "慕容白曜看着郦范对众人说道： 这次作战行动，得到你这位人才，三齐之地不愁不能平定了。"
    },
    {
        "name": "魏书_列传_卷三十",
        "with_punctuation": "军达升城，刘彧太原太守房崇吉弃母妻东走。",
        "translation": "军队到达升城，刘的太原太守房崇吉抛弃母亲妻子向东逃走。"
    },
    {
        "name": "魏书_列传_卷三十",
        "with_punctuation": "彧青州刺史沈文秀遣其宁朔将军张元孙奉笺归款，请军接援。",
        "translation": "刘的青州刺史沈文秀派他的部属宁朔将军张元孙奉书归诚，请求派军队援助他。"
    },
    {
        "name": "魏书_列传_卷三十",
        "with_punctuation": "白曜将遣偏师赴之。范曰： 桑梓之恋，有怀同德。",
        "translation": "慕容白曜准备派一部分军队前去援助。郦范说： 眷恋家乡之情，人皆有之。"
    },
    {
        "name": "魏书_列传_卷三十",
        "with_punctuation": "文秀家在江南，青土无坟栢之累。",
        "translation": "沈文秀的家乡在江南，青州之地没有他的祖宗坟茔牵累。"
    },
    {
        "name": "魏书_列传_卷三十",
        "with_punctuation": "拥众数万，劲甲坚城，强则据战，势屈则走。",
        "translation": "他拥有数万之众，兵甲强劲，城池坚固，势力强就守城迎战，势力弱就弃城逃走。"
    },
    {
        "name": "魏书_列传_卷三十",
        "with_punctuation": "师未逼之，朝夕无患，竟何所畏，已求援军？",
        "translation": "我军尚未胁逼于他，他朝夕都无忧患，究竟有什么可畏惧的，前来求讨援军？"
    },
    {
        "name": "魏书_列传_卷三十",
        "with_punctuation": "且观其使，词烦而颜愧，视下而志怯，币厚言甘，诱我也。",
        "translation": "况且观察他派来的使者，言语絮叨而面有愧色，目光朝下而心中畏怯，礼厚言甜，是想诱惑我方。"
    },
    {
        "name": "魏书_列传_卷三十",
        "with_punctuation": "若不远图，惧亏军势。",
        "translation": "如果不深谋远虑，恐怕会有损于我军军势。"
    },
    {
        "name": "魏书_列传_卷三十",
        "with_punctuation": "既进无所取，退逼强敌，羝羊触籓，羸角之谓。",
        "translation": "我军已经无所攻取，退又受强敌之逼，羝羊触藩，进退两难，如同羊角被困住一样。"
    },
    {
        "name": "魏书_列传_卷三十",
        "with_punctuation": "未若先守历城，平盘阳，下梁邹，克乐陵，然后方轨连镳，扬旌直进，何患不壶浆路左以迎明公者哉！",
        "translation": "不如先固守历城，平定盘阳，下取梁邹，攻占乐陵，然后方轨连镳，各军一齐扬旌直进，何愁他不在路旁手捧壶浆以迎明公呢？"
    },
    {
        "name": "魏书_列传_卷三十",
        "with_punctuation": "白曜曰： 卿前后纳策，皆不失衷，今日之算，吾所不取。",
        "translation": "慕容白曜说： 你前后所提出的计策，都是十分恰当的，但今天所说的谋算，我却不能接受。"
    },
    {
        "name": "魏书_列传_卷三十",
        "with_punctuation": "何者？",
        "translation": "为什么呢？"
    },
    {
        "name": "魏书_列传_卷三十",
        "with_punctuation": "道固孤城，裁能自守；盘阳诸戍，势不野战；文秀必克殄，意在先诚，天与不取，后悔何及？",
        "translation": "道固这座孤城，仅仅能够自守；盘阳各处戍所，其地形不适合于野外作战；沈文秀自知必然被消灭，所以有意先来投诚。上天所予而不利用，后悔如何来得及。"
    },
    {
        "name": "魏书_列传_卷三十",
        "with_punctuation": "范曰： 短见犹谓不虚。",
        "translation": "郦范说： 这种见识之短浅真可谓不假。"
    },
    {
        "name": "魏书_列传_卷三十",
        "with_punctuation": "历城足食足兵，非一朝可拔。",
        "translation": "历城粮草兵卒都很充足，不是一朝就可以被攻占的。"
    },
    {
        "name": "魏书_列传_卷三十",
        "with_punctuation": "文秀既据东阳为诸城根本，多遣军则历城之固不立，少遣众则无以惧敌心。",
        "translation": "沈文秀已经占据东阳作为它把守各城的根本，派遣较多的军队去攻击，那么历城就不可能巩固，派兵太少就不足以使敌军畏惧。"
    },
    {
        "name": "魏书_列传_卷三十",
        "with_punctuation": "脱文秀还叛，闭门拒守，偏师在前，为其所挫，梁邹诸城追击其后，文秀身率大军，必相乘迫。",
        "translation": "倘若沈文秀反过来又背叛了我，紧闭城门顽固坚守，我方在前面的一部分军队，就会被他挫败，梁邹各城之军在后面追击，沈文秀亲率大军，必然趁机逼迫我方。"
    },
    {
        "name": "魏书_列传_卷三十",
        "with_punctuation": "腹背受敌，进退无途，虽有韩白，恐无全理。",
        "translation": "我方腹背受敌，进退无路，纵有韩信白起，也恐无保全之理。"
    },
    {
        "name": "魏书_列传_卷三十",
        "with_punctuation": "愿更思审，勿入贼计中。",
        "translation": "希望你再三考虑，不要中了敌人奸计。"
    },
    {
        "name": "魏书_列传_卷三十",
        "with_punctuation": "白曜乃止。",
        "translation": "慕容白曜这才罢休。"
    },
    {
        "name": "魏书_列传_卷三十",
        "with_punctuation": "遂表范为青州刺史以抚新民。",
        "translation": "于是表奏朝廷，使命郦范为青州刺史以安抚当地百姓。"
    },
    {
        "name": "魏书_列传_卷三十",
        "with_punctuation": "后进爵为侯，加冠军将军，迁尚书右丞。",
        "translation": "郦范后又进受爵位为侯，被授予冠军将军，迁任尚书右丞。"
    },
    {
        "name": "魏书_列传_卷三十",
        "with_punctuation": "后除平东将军、青州刺史、假范阳公。",
        "translation": "后来，郦范任平东将军、青州刺史，假授范阳公。"
    },
    {
        "name": "魏书_列传_卷三十",
        "with_punctuation": "范前解州还京也，夜梦阴毛拂踝。",
        "translation": "郦范在先前解除州官回到京师的时候，有一天夜晚梦见有阴毛拂拭他的脚踝。"
    },
    {
        "name": "魏书_列传_卷三十",
        "with_punctuation": "他日说之。",
        "translation": "第二天他告诉了别人。"
    },
    {
        "name": "魏书_列传_卷三十",
        "with_punctuation": "时齐人有占梦者曰史武，进云： 豪盛于齐下矣。",
        "translation": "当时齐人中有个占梦的名叫史武，向他进言说： 你将会在齐地豪盛一时的。"
    },
    {
        "name": "魏书_列传_卷三十",
        "with_punctuation": "使君临抚东秦，道光海岱，必当重牧全齐，再禄营丘矣。",
        "translation": "使君你亲临安抚东秦，道德光照于海岱，一定会重新总领全部齐地，再次受禄于营丘。"
    },
    {
        "name": "魏书_列传_卷三十",
        "with_punctuation": "范笑而答曰： 吾将为卿必验此梦。",
        "translation": "郦范笑着回答说： 我将一定会替你验证所圆的这个梦。"
    },
    {
        "name": "魏书_列传_卷三十",
        "with_punctuation": "果如其言。",
        "translation": "后来的事实果然同他所说的一样。"
    },
    {
        "name": "魏书_列传_卷三十",
        "with_punctuation": "是时，镇将元伊利表范与外贼交通。",
        "translation": "当时，镇将元伊利向朝廷上表说郦范与外贼互相勾结。"
    },
    {
        "name": "魏书_列传_卷三十",
        "with_punctuation": "高祖诏范曰： 卿身非功旧，位无重班，所以超迁显爵，任居方夏者，正以勤能致远。",
        "translation": "高祖给郦范下诏说： 你本身不是功臣旧勋，地位也没有重要的班位，之所以能越级升官封授显爵，任居于中国的原因，正是凭着勤勉和才能而达到的。"
    },
    {
        "name": "魏书_列传_卷三十",
        "with_punctuation": "虽外无殊效，亦未有负时之愆。",
        "translation": "即使对外没有特殊的功劳，也没有违背时势的过失。"
    },
    {
        "name": "魏书_列传_卷三十",
        "with_punctuation": "而镇将伊利妄生奸挠，表卿造船市玉与外贼交通，规陷卿罪，窥觎州任。",
        "translation": "但镇将元伊利无中生有，上表诬告你制造船只买卖珠玉，与国外贼人勾结往来，企图陷你于死罪，窥伺州官之任。"
    },
    {
        "name": "魏书_列传_卷三十",
        "with_punctuation": "有司推验，虚实自显，有罪者今伏其辜矣。",
        "translation": "经有关部门调查验证，真假自然显现，犯有诬告之罪的人现在已经伏法。"
    },
    {
        "name": "魏书_列传_卷三十",
        "with_punctuation": "卿其明为算略，勿复怀疑。",
        "translation": "你要更好地进行谋略，不要再有什么怀疑。"
    },
    {
        "name": "魏书_列传_卷三十",
        "with_punctuation": "等卿别犯，处刑及鞭；今恕刑罢鞭，止罚五十。",
        "translation": "待你另外犯有罪行时，当然要处以刑罚和进行鞭笞，现在我就恕免对你的刑罚鞭笞，只罚五十就行了。"
    },
    {
        "name": "魏书_列传_卷三十",
        "with_punctuation": "卿宜克循，绥辑边服，称朕意也。",
        "translation": "你应当克尽职守，抚慰安定边地，以称我的心意。"
    },
    {
        "name": "魏书_列传_卷三十",
        "with_punctuation": "还朝，年六十二，卒于京师，谥曰穆。",
        "translation": "郦范回到朝廷，六十二岁时，在京师去世，定谥号为穆。"
    },
    {
        "name": "魏书_列传_卷三十",
        "with_punctuation": "范五子，道元在《酷吏传》。",
        "translation": "郦范有五个儿子，其子郦道元在《酷吏传》中有记载。"
    }
]